{"Number of reference probes": {"CHD7": 163, "KMT2D": 221}, "t-test pval": 0.01, "Evaluation": [{"Overlap with reference probes": {"CHD7": 71, "KMT2D": 105}, "Spectral clustering": {"Silhouette": {"std": 0.0004145376496004826, "Mean": 0.16580838252404462}, "Mutual information": {"std": 0.014698713580169576, "Mean": 0.39658993364834561}, "Adjusted rand": {"std": 0.0092028007691046868, "Mean": 0.30585434855571514}}, "K-means clustering": {"Silhouette": {"std": 0.023017149356390612, "Mean": 0.1554954637640078}, "Mutual information": {"std": 0.08655156098953036, "Mean": 0.32477198268119922}, "Adjusted rand": {"std": 0.039844290712514448, "Mean": 0.26489033632860115}}, "Number of selected probes": 5219, "Probe selection criteria": "t-test probes"}, {"Overlap with reference probes": {"CHD7": 61, "KMT2D": 150}, "Spectral clustering": {"Silhouette": {"std": 1.3877787807814457e-17, "Mean": 0.11058043942592047}, "Mutual information": {"std": 4.5097472448829337e-17, "Mean": 0.37109533616556817}, "Adjusted rand": {"std": 2.7755575615628914e-17, "Mean": 0.23733555455233321}}, "K-means clustering": {"Silhouette": {"std": 0.012207396658257258, "Mean": 0.19048886613828692}, "Mutual information": {"std": 0.022407262304866171, "Mean": 0.45070246466622832}, "Adjusted rand": {"std": 0.035556588950423185, "Mean": 0.46122520608943346}}, "Number of selected probes": 6743, "Probe selection criteria": "u-test probes"}, {"Overlap with reference probes": {"CHD7": 45, "KMT2D": 104}, "Spectral clustering": {"Silhouette": {"std": 2.7755575615628914e-17, "Mean": 0.19483714692249238}, "Mutual information": {"std": 4.2998752849492583e-17, "Mean": 0.42576240784435143}, "Adjusted rand": {"std": 0.0, "Mean": 0.48744002557493871}}, "K-means clustering": {"Silhouette": {"std": 0.019818363668385023, "Mean": 0.18903158898204023}, "Mutual information": {"std": 0.10201633103247167, "Mean": 0.46990424879099807}, "Adjusted rand": {"std": 0.095943899613932848, "Mean": 0.51505475831692626}}, "Number of selected probes": 3713, "Probe selection criteria": "t-test probes <in> u-test probes"}, {"Overlap with reference probes": {"CHD7": 45, "KMT2D": 104}, "Spectral clustering": {"Silhouette": {"std": 0.001738368733139557, "Mean": 0.19458880853204388}, "Mutual information": {"std": 0.0051807061768346556, "Mean": 0.42502230696194643}, "Adjusted rand": {"std": 0.0039513540202528591, "Mean": 0.48687554642918834}}, "K-means clustering": {"Silhouette": {"std": 0.023128320408955429, "Mean": 0.1863171152557371}, "Mutual information": {"std": 0.12540612850574309, "Mean": 0.4865030080301983}, "Adjusted rand": {"std": 0.11976938630520916, "Mean": 0.5303713972154035}}, "Number of selected probes": 3713, "Probe selection criteria": "u-test probes <in> t-test probes"}], "U-test pval": 0.01, "Nearest neighbors": 7}