{"Number of reference probes": {"CHD7": 163, "KMT2D": 221}, "t-test pval": 0.01, "Evaluation": [{"Overlap with reference probes": {"CHD7": 40, "KMT2D": 30}, "Spectral clustering": {"Silhouette": {"std": 0.0, "Mean": 0.18802872914710114}, "Mutual information": {"std": 4.9650683064945459e-17, "Mean": 0.3925984429657885}, "Adjusted rand": {"std": 2.7755575615628914e-17, "Mean": 0.24840562473516098}}, "K-means clustering": {"Silhouette": {"std": 0.0076701201295487449, "Mean": 0.18888675499391799}, "Mutual information": {"std": 0.024019306397756304, "Mean": 0.15539797593589585}, "Adjusted rand": {"std": 0.023641987220919852, "Mean": 0.15050607467229335}}, "Number of selected probes": 3020, "Probe selection criteria": "t-test probes"}, {"Overlap with reference probes": {"CHD7": 29, "KMT2D": 89}, "Spectral clustering": {"Silhouette": {"std": 1.3877787807814457e-17, "Mean": 0.11574257712654784}, "Mutual information": {"std": 8.0059320849734429e-17, "Mean": 0.68309840131939026}, "Adjusted rand": {"std": 0.0, "Mean": 0.73139066702400024}}, "K-means clustering": {"Silhouette": {"std": 0.011188430022843612, "Mean": 0.11507805945881654}, "Mutual information": {"std": 0.065783259290790277, "Mean": 0.63177722370460576}, "Adjusted rand": {"std": 0.080744249320107472, "Mean": 0.64238863227876364}}, "Number of selected probes": 3382, "Probe selection criteria": "u-test probes"}, {"Overlap with reference probes": {"CHD7": 13, "KMT2D": 29}, "Spectral clustering": {"Silhouette": {"std": 0.002037450162055227, "Mean": 0.10484365036896821}, "Mutual information": {"std": 0.019581809765864946, "Mean": 0.64624331454471073}, "Adjusted rand": {"std": 0.022747580783177863, "Mean": 0.70312814326371609}}, "K-means clustering": {"Silhouette": {"std": 0.012514810089573825, "Mean": 0.1142716427516792}, "Mutual information": {"std": 0.080484173147867766, "Mean": 0.59800608316666182}, "Adjusted rand": {"std": 0.10699312237414015, "Mean": 0.60653724252288044}}, "Number of selected probes": 1510, "Probe selection criteria": "t-test probes <in> u-test probes"}, {"Overlap with reference probes": {"CHD7": 13, "KMT2D": 29}, "Spectral clustering": {"Silhouette": {"std": 0.0021687562221847922, "Mean": 0.1054627204106242}, "Mutual information": {"std": 0.018977587461181899, "Mean": 0.65255753205771394}, "Adjusted rand": {"std": 0.022189141974450342, "Mean": 0.71046535116227061}}, "K-means clustering": {"Silhouette": {"std": 0.012454443264905975, "Mean": 0.11201749007307767}, "Mutual information": {"std": 0.073856447805274908, "Mean": 0.59203381459456628}, "Adjusted rand": {"std": 0.10630512724653443, "Mean": 0.5940089005236272}}, "Number of selected probes": 1510, "Probe selection criteria": "u-test probes <in> t-test probes"}], "U-test pval": 0.01, "Nearest neighbors": 4}