{"Number of reference probes": {"CHD7": 163, "KMT2D": 221}, "t-test pval": 0.005, "Evaluation": [{"Overlap with reference probes": {"CHD7": 21, "KMT2D": 20}, "Spectral clustering": {"Silhouette": {"std": 0.00032043541856716968, "Mean": 0.18203950088332321}, "Mutual information": {"std": 0.0027342778645154295, "Mean": 0.3932725279600075}, "Adjusted rand": {"std": 0.0066237815667527572, "Mean": 0.25003945712360987}}, "K-means clustering": {"Silhouette": {"std": 0.0026387376569419162, "Mean": 0.17780974950120287}, "Mutual information": {"std": 0.01941546956819222, "Mean": 0.12334963820081772}, "Adjusted rand": {"std": 0.013643444616580588, "Mean": 0.12624045059776481}}, "Number of selected probes": 1797, "Probe selection criteria": "t-test probes"}, {"Overlap with reference probes": {"CHD7": 19, "KMT2D": 70}, "Spectral clustering": {"Silhouette": {"std": 0.0, "Mean": 0.11981025719634612}, "Mutual information": {"std": 1.1102230246251565e-16, "Mean": 0.72477238181102333}, "Adjusted rand": {"std": 1.1102230246251565e-16, "Mean": 0.77391428599584156}}, "K-means clustering": {"Silhouette": {"std": 0.018490567870682626, "Mean": 0.1268317079922128}, "Mutual information": {"std": 0.090018635519049331, "Mean": 0.69046244494473585}, "Adjusted rand": {"std": 0.10664473778668554, "Mean": 0.7109880284337321}}, "Number of selected probes": 2163, "Probe selection criteria": "u-test probes"}, {"Overlap with reference probes": {"CHD7": 9, "KMT2D": 20}, "Spectral clustering": {"Silhouette": {"std": 0.0028081867954900795, "Mean": 0.1094069566470416}, "Mutual information": {"std": 0.026793497511352595, "Mean": 0.70534679097148367}, "Adjusted rand": {"std": 0.031061806000316577, "Mean": 0.76451625906488974}}, "K-means clustering": {"Silhouette": {"std": 0.014918219376589326, "Mean": 0.11276571197577619}, "Mutual information": {"std": 0.062986652561669784, "Mean": 0.58390893609107186}, "Adjusted rand": {"std": 0.10351687872370972, "Mean": 0.57027090414665771}}, "Number of selected probes": 897, "Probe selection criteria": "t-test probes <in> u-test probes"}, {"Overlap with reference probes": {"CHD7": 9, "KMT2D": 20}, "Spectral clustering": {"Silhouette": {"std": 0.00239624137769353, "Mean": 0.10964338085479686}, "Mutual information": {"std": 0.02457404078075355, "Mean": 0.70745286925419448}, "Adjusted rand": {"std": 0.027963985896846105, "Mean": 0.76699675079145191}}, "K-means clustering": {"Silhouette": {"std": 0.015285149489210758, "Mean": 0.11261483927519089}, "Mutual information": {"std": 0.066888524116832826, "Mean": 0.5914403152420864}, "Adjusted rand": {"std": 0.10191592919644661, "Mean": 0.57631075156268774}}, "Number of selected probes": 897, "Probe selection criteria": "u-test probes <in> t-test probes"}], "U-test pval": 0.005, "Nearest neighbors": 4}