{"Number of reference probes": {"CHD7": 163, "KMT2D": 221}, "t-test pval": 0.005, "Evaluation": [{"Overlap with reference probes": {"CHD7": 11, "KMT2D": 28}, "Spectral clustering": {"Silhouette": {"std": 0.0026241480085241599, "Mean": 0.15438591482536221}, "Mutual information": {"std": 0.014062656013121662, "Mean": 0.38890488602271617}, "Adjusted rand": {"std": 0.011261288009074007, "Mean": 0.25073600873054169}}, "K-means clustering": {"Silhouette": {"std": 0.005238502854474485, "Mean": 0.15358450401589002}, "Mutual information": {"std": 0.050783632909599974, "Mean": 0.34380531209221465}, "Adjusted rand": {"std": 0.017844096079379989, "Mean": 0.2506285541409719}}, "Number of selected probes": 2080, "Probe selection criteria": "t-test probes"}, {"Overlap with reference probes": {"CHD7": 16, "KMT2D": 79}, "Spectral clustering": {"Silhouette": {"std": 0.0, "Mean": 0.18332649557680891}, "Mutual information": {"std": 0.0, "Mean": 0.3600672675395698}, "Adjusted rand": {"std": 5.5511151231257827e-17, "Mean": 0.41382947936407172}}, "K-means clustering": {"Silhouette": {"std": 0.032102430767251236, "Mean": 0.17847693635388037}, "Mutual information": {"std": 0.098729277109782812, "Mean": 0.47133510290314873}, "Adjusted rand": {"std": 0.095285724039751274, "Mean": 0.47662489288151072}}, "Number of selected probes": 3092, "Probe selection criteria": "u-test probes"}, {"Overlap with reference probes": {"CHD7": 6, "KMT2D": 28}, "Spectral clustering": {"Silhouette": {"std": 1.3877787807814457e-17, "Mean": 0.092061889224345328}, "Mutual information": {"std": 6.0809419444881171e-17, "Mean": 0.53209786932306147}, "Adjusted rand": {"std": 0.0, "Mean": 0.64711756546581267}}, "K-means clustering": {"Silhouette": {"std": 0.01758030215838001, "Mean": 0.095877866834443812}, "Mutual information": {"std": 0.079058437541294282, "Mean": 0.51663773288975956}, "Adjusted rand": {"std": 0.13319010767191641, "Mean": 0.51942469164344596}}, "Number of selected probes": 1423, "Probe selection criteria": "t-test probes <in> u-test probes"}, {"Overlap with reference probes": {"CHD7": 6, "KMT2D": 28}, "Spectral clustering": {"Silhouette": {"std": 0.0, "Mean": 0.092061889224345966}, "Mutual information": {"std": 6.0809419444881171e-17, "Mean": 0.53209786932306147}, "Adjusted rand": {"std": 0.0, "Mean": 0.64711756546581267}}, "K-means clustering": {"Silhouette": {"std": 0.028499502083514549, "Mean": 0.098714028272342449}, "Mutual information": {"std": 0.074977012442433363, "Mean": 0.48490455637147456}, "Adjusted rand": {"std": 0.13084979272885353, "Mean": 0.46476724550796361}}, "Number of selected probes": 1423, "Probe selection criteria": "u-test probes <in> t-test probes"}], "U-test pval": 0.005, "Nearest neighbors": 5}