{"Number of reference probes": {"CHD7": 163, "KMT2D": 221}, "t-test pval": 0.005, "Evaluation": [{"Overlap with reference probes": {"CHD7": 55, "KMT2D": 81}, "Spectral clustering": {"Silhouette": {"std": 0.0, "Mean": 0.15829839634282411}, "Mutual information": {"std": 5.3244425794049196e-17, "Mean": 0.39959029599390677}, "Adjusted rand": {"std": 0.0, "Mean": 0.30773286239644837}}, "K-means clustering": {"Silhouette": {"std": 0.0084530217590101028, "Mean": 0.16090643746663244}, "Mutual information": {"std": 0.042037055378567945, "Mean": 0.35275756474140346}, "Adjusted rand": {"std": 0.022207942527917322, "Mean": 0.27579074785854257}}, "Number of selected probes": 3537, "Probe selection criteria": "t-test probes"}, {"Overlap with reference probes": {"CHD7": 46, "KMT2D": 129}, "Spectral clustering": {"Silhouette": {"std": 0.0, "Mean": 0.12551768871332195}, "Mutual information": {"std": 1.9229626863835639e-17, "Mean": 0.37659336181046571}, "Adjusted rand": {"std": 0.0, "Mean": 0.28776597401788218}}, "K-means clustering": {"Silhouette": {"std": 0.0085069766318832483, "Mean": 0.21273495505075396}, "Mutual information": {"std": 0.01178402166513259, "Mean": 0.46538374266539134}, "Adjusted rand": {"std": 0.019239324049527638, "Mean": 0.46359536191543893}}, "Number of selected probes": 4849, "Probe selection criteria": "u-test probes"}, {"Overlap with reference probes": {"CHD7": 33, "KMT2D": 79}, "Spectral clustering": {"Silhouette": {"std": 2.7755575615628914e-17, "Mean": 0.20180386145267806}, "Mutual information": {"std": 4.5775667985222376e-17, "Mean": 0.42576240784435143}, "Adjusted rand": {"std": 0.0, "Mean": 0.48744002557493871}}, "K-means clustering": {"Silhouette": {"std": 0.019877481010964464, "Mean": 0.19548207463609338}, "Mutual information": {"std": 0.10393619564528271, "Mean": 0.47163854132192901}, "Adjusted rand": {"std": 0.10092002691541578, "Mean": 0.5191813782322966}}, "Number of selected probes": 2597, "Probe selection criteria": "t-test probes <in> u-test probes"}, {"Overlap with reference probes": {"CHD7": 33, "KMT2D": 79}, "Spectral clustering": {"Silhouette": {"std": 8.8364880776131695e-06, "Mean": 0.20180259909723902}, "Mutual information": {"std": 0.0014435735062554177, "Mean": 0.42596863263095935}, "Adjusted rand": {"std": 0.0016064017685801057, "Mean": 0.4872105396079987}}, "K-means clustering": {"Silhouette": {"std": 0.017090844573710393, "Mean": 0.19687654439974611}, "Mutual information": {"std": 0.096171312596089131, "Mean": 0.46928964147702312}, "Adjusted rand": {"std": 0.091894059049392102, "Mean": 0.51449241502481424}}, "Number of selected probes": 2597, "Probe selection criteria": "u-test probes <in> t-test probes"}], "U-test pval": 0.005, "Nearest neighbors": 7}