{"Number of reference probes": {"CHD7": 163, "KMT2D": 221}, "t-test pval": 0.005, "Evaluation": [{"Overlap with reference probes": {"CHD7": 38, "KMT2D": 98}, "Spectral clustering": {"Silhouette": {"std": 0.00017475868750420456, "Mean": 0.1489550685264219}, "Mutual information": {"std": 0.0013330311155060753, "Mean": 0.38551971365625542}, "Adjusted rand": {"std": 0.0032883555550621748, "Mean": 0.27310008681424397}}, "K-means clustering": {"Silhouette": {"std": 0.003198602415590565, "Mean": 0.15355286218889788}, "Mutual information": {"std": 0.018838089005107528, "Mean": 0.33165270239742894}, "Adjusted rand": {"std": 0.020719346112510525, "Mean": 0.25348929296595607}}, "Number of selected probes": 3559, "Probe selection criteria": "t-test probes"}, {"Overlap with reference probes": {"CHD7": 39, "KMT2D": 143}, "Spectral clustering": {"Silhouette": {"std": 2.7755575615628914e-17, "Mean": 0.1507278755348197}, "Mutual information": {"std": 1.0235750533041807e-16, "Mean": 0.36811533786079798}, "Adjusted rand": {"std": 2.7755575615628914e-17, "Mean": 0.23120954580108474}}, "K-means clustering": {"Silhouette": {"std": 0.00030981383396297971, "Mean": 0.15077213465395731}, "Mutual information": {"std": 0.00041719976266782135, "Mean": 0.36817493782689342}, "Adjusted rand": {"std": 0.00085764122517478553, "Mean": 0.23133206597610972}}, "Number of selected probes": 5600, "Probe selection criteria": "u-test probes"}, {"Overlap with reference probes": {"CHD7": 26, "KMT2D": 97}, "Spectral clustering": {"Silhouette": {"std": 1.3877787807814457e-17, "Mean": 0.1078371358628908}, "Mutual information": {"std": 1.1018648905114064e-16, "Mean": 0.3277507194388023}, "Adjusted rand": {"std": 0.0, "Mean": 0.2308113407551545}}, "K-means clustering": {"Silhouette": {"std": 0.042288534072846481, "Mean": 0.19973304462936686}, "Mutual information": {"std": 0.026072351968068487, "Mean": 0.44990241738528575}, "Adjusted rand": {"std": 0.07366095315117159, "Mean": 0.44494553534393722}}, "Number of selected probes": 2803, "Probe selection criteria": "t-test probes <in> u-test probes"}, {"Overlap with reference probes": {"CHD7": 26, "KMT2D": 97}, "Spectral clustering": {"Silhouette": {"std": 0.0, "Mean": 0.10783713586289076}, "Mutual information": {"std": 1.0677783136387645e-16, "Mean": 0.3277507194388023}, "Adjusted rand": {"std": 0.0, "Mean": 0.2308113407551545}}, "K-means clustering": {"Silhouette": {"std": 0.036697260964072512, "Mean": 0.20507097744478131}, "Mutual information": {"std": 0.026812775578284535, "Mean": 0.45307057191839967}, "Adjusted rand": {"std": 0.062799553760055637, "Mean": 0.45282106060447752}}, "Number of selected probes": 2803, "Probe selection criteria": "u-test probes <in> t-test probes"}], "U-test pval": 0.005, "Nearest neighbors": 9}