{"Number of reference probes": {"CHD7": 163, "KMT2D": 221}, "t-test pval": 0.005, "Evaluation": [{"Overlap with reference probes": {"CHD7": 38, "KMT2D": 102}, "Spectral clustering": {"Silhouette": {"std": 0.001557178741965179, "Mean": 0.18971582630152706}, "Mutual information": {"std": 0.023787792889515654, "Mean": 0.34508561522783782}, "Adjusted rand": {"std": 0.019611614053471466, "Mean": 0.26279700944630202}}, "K-means clustering": {"Silhouette": {"std": 0.0073294504680303007, "Mean": 0.19106936093022756}, "Mutual information": {"std": 0.043330077318004097, "Mean": 0.35557417621289483}, "Adjusted rand": {"std": 0.030600822308093745, "Mean": 0.2773610406642395}}, "Number of selected probes": 4134, "Probe selection criteria": "t-test probes"}, {"Overlap with reference probes": {"CHD7": 36, "KMT2D": 147}, "Spectral clustering": {"Silhouette": {"std": 2.7755575615628914e-17, "Mean": 0.1428887426262255}, "Mutual information": {"std": 1.0677783136387645e-16, "Mean": 0.36811533786079798}, "Adjusted rand": {"std": 2.7755575615628914e-17, "Mean": 0.23120954580108474}}, "K-means clustering": {"Silhouette": {"std": 2.7755575615628914e-17, "Mean": 0.1428887426262255}, "Mutual information": {"std": 9.8678780894485442e-17, "Mean": 0.36811533786079798}, "Adjusted rand": {"std": 2.7755575615628914e-17, "Mean": 0.23120954580108474}}, "Number of selected probes": 5625, "Probe selection criteria": "u-test probes"}, {"Overlap with reference probes": {"CHD7": 19, "KMT2D": 101}, "Spectral clustering": {"Silhouette": {"std": 0.0014504758423037366, "Mean": 0.10593017557072676}, "Mutual information": {"std": 0.0009614938049934442, "Mean": 0.32689844627218717}, "Adjusted rand": {"std": 0.0024752589160657755, "Mean": 0.22861725823103271}}, "K-means clustering": {"Silhouette": {"std": 0.018751253762041405, "Mean": 0.21702798138764504}, "Mutual information": {"std": 0.024913592170709167, "Mean": 0.44528016278910731}, "Adjusted rand": {"std": 0.010365981225461694, "Mean": 0.47791900801635689}}, "Number of selected probes": 2891, "Probe selection criteria": "t-test probes <in> u-test probes"}, {"Overlap with reference probes": {"CHD7": 19, "KMT2D": 101}, "Spectral clustering": {"Silhouette": {"std": 0.0013390592554400091, "Mean": 0.1063392649305991}, "Mutual information": {"std": 0.00088763779518026054, "Mean": 0.32716962409792832}, "Adjusted rand": {"std": 0.0022851248290381748, "Mean": 0.2293153753977987}}, "K-means clustering": {"Silhouette": {"std": 0.032406126581983274, "Mean": 0.21128538875139555}, "Mutual information": {"std": 0.02813652525988275, "Mean": 0.43814791873303427}, "Adjusted rand": {"std": 0.048457252956704208, "Mean": 0.469280015235637}}, "Number of selected probes": 2891, "Probe selection criteria": "u-test probes <in> t-test probes"}], "U-test pval": 0.005, "Nearest neighbors": 10}