{"Number of reference probes": {"CHD7": 163, "KMT2D": 221}, "t-test pval": 0.005, "Evaluation": [{"Overlap with reference probes": {"CHD7": 65, "KMT2D": 123}, "Spectral clustering": {"Silhouette": {"std": 0.00027995360392546741, "Mean": 0.17158330711445699}, "Mutual information": {"std": 0.010805875758046537, "Mean": 0.31359537939143067}, "Adjusted rand": {"std": 0.0070806213672372853, "Mean": 0.23270301760963732}}, "K-means clustering": {"Silhouette": {"std": 0.0056398432257890761, "Mean": 0.18136648468346664}, "Mutual information": {"std": 0.02750935252311424, "Mean": 0.35977213110626061}, "Adjusted rand": {"std": 0.021877688522099717, "Mean": 0.28614764295752781}}, "Number of selected probes": 5069, "Probe selection criteria": "t-test probes"}, {"Overlap with reference probes": {"CHD7": 55, "KMT2D": 160}, "Spectral clustering": {"Silhouette": {"std": 2.7755575615628914e-17, "Mean": 0.14413460294754521}, "Mutual information": {"std": 1.041481514324134e-16, "Mean": 0.36811533786079798}, "Adjusted rand": {"std": 2.7755575615628914e-17, "Mean": 0.23120954580108474}}, "K-means clustering": {"Silhouette": {"std": 0.0015582890418251007, "Mean": 0.14457205559343989}, "Mutual information": {"std": 0.0017873653556733787, "Mean": 0.36912557066814572}, "Adjusted rand": {"std": 0.0036916776762312676, "Mean": 0.23327605013273967}}, "Number of selected probes": 6781, "Probe selection criteria": "u-test probes"}, {"Overlap with reference probes": {"CHD7": 41, "KMT2D": 123}, "Spectral clustering": {"Silhouette": {"std": 1.3877787807814457e-17, "Mean": 0.1053165950296317}, "Mutual information": {"std": 3.5108334685767011e-17, "Mean": 0.32581373496922256}, "Adjusted rand": {"std": 5.5511151231257827e-17, "Mean": 0.22582478956396862}}, "K-means clustering": {"Silhouette": {"std": 0.049550026613287217, "Mean": 0.17962260099610119}, "Mutual information": {"std": 0.026659018040796935, "Mean": 0.43004075799277303}, "Adjusted rand": {"std": 0.075044681488186188, "Mean": 0.44495531593054849}}, "Number of selected probes": 3715, "Probe selection criteria": "t-test probes <in> u-test probes"}, {"Overlap with reference probes": {"CHD7": 41, "KMT2D": 123}, "Spectral clustering": {"Silhouette": {"std": 1.3877787807814457e-17, "Mean": 0.10531659502963166}, "Mutual information": {"std": 3.5975337699988617e-17, "Mean": 0.32581373496922256}, "Adjusted rand": {"std": 5.5511151231257827e-17, "Mean": 0.22582478956396862}}, "K-means clustering": {"Silhouette": {"std": 0.039287848177623499, "Mean": 0.19169834157983842}, "Mutual information": {"std": 0.016776322772318102, "Mean": 0.43106687012917005}, "Adjusted rand": {"std": 0.055352551519918067, "Mean": 0.46248260705538352}}, "Number of selected probes": 3715, "Probe selection criteria": "u-test probes <in> t-test probes"}], "U-test pval": 0.005, "Nearest neighbors": 11}