{"Number of reference probes": {"CHD7": 163, "KMT2D": 221}, "t-test pval": 0.01, "Evaluation": [{"Overlap with reference probes": {"CHD7": 60, "KMT2D": 127}, "Spectral clustering": {"Silhouette": {"std": 0.0, "Mean": 0.18280579042523659}, "Mutual information": {"std": 0.0, "Mean": 0.31205168285456691}, "Adjusted rand": {"std": 5.5511151231257827e-17, "Mean": 0.23169150027146057}}, "K-means clustering": {"Silhouette": {"std": 0.015045401682425491, "Mean": 0.19283010663891142}, "Mutual information": {"std": 0.081707142482562251, "Mean": 0.36744673195703292}, "Adjusted rand": {"std": 0.052314194547226807, "Mean": 0.28098062833352933}}, "Number of selected probes": 6026, "Probe selection criteria": "t-test probes"}, {"Overlap with reference probes": {"CHD7": 51, "KMT2D": 165}, "Spectral clustering": {"Silhouette": {"std": 0.0, "Mean": 0.13890079958185414}, "Mutual information": {"std": 1.0235750533041807e-16, "Mean": 0.36811533786079798}, "Adjusted rand": {"std": 2.7755575615628914e-17, "Mean": 0.23120954580108474}}, "K-means clustering": {"Silhouette": {"std": 0.0, "Mean": 0.13890079958185414}, "Mutual information": {"std": 1.0325671005860945e-16, "Mean": 0.36811533786079798}, "Adjusted rand": {"std": 2.7755575615628914e-17, "Mean": 0.23120954580108474}}, "Number of selected probes": 7784, "Probe selection criteria": "u-test probes"}, {"Overlap with reference probes": {"CHD7": 34, "KMT2D": 127}, "Spectral clustering": {"Silhouette": {"std": 0.00049327819646219915, "Mean": 0.10597022634399388}, "Mutual information": {"std": 0.0056406301773888464, "Mean": 0.32661953928027804}, "Adjusted rand": {"std": 0.00016304330534859304, "Mean": 0.2258480814647327}}, "K-means clustering": {"Silhouette": {"std": 0.0436338793357018, "Mean": 0.18548296794610963}, "Mutual information": {"std": 0.024912254269081717, "Mean": 0.43552492364416673}, "Adjusted rand": {"std": 0.073275801968966117, "Mean": 0.45176567562636}}, "Number of selected probes": 4192, "Probe selection criteria": "t-test probes <in> u-test probes"}, {"Overlap with reference probes": {"CHD7": 34, "KMT2D": 127}, "Spectral clustering": {"Silhouette": {"std": 1.3877787807814457e-17, "Mean": 0.10589975803021433}, "Mutual information": {"std": 3.5975337699988617e-17, "Mean": 0.32581373496922256}, "Adjusted rand": {"std": 5.5511151231257827e-17, "Mean": 0.22582478956396862}}, "K-means clustering": {"Silhouette": {"std": 0.037578639903543314, "Mean": 0.19332742875595957}, "Mutual information": {"std": 0.019370587144672775, "Mean": 0.43965766693784353}, "Adjusted rand": {"std": 0.061561745323563843, "Mean": 0.45810324336042924}}, "Number of selected probes": 4192, "Probe selection criteria": "u-test probes <in> t-test probes"}], "U-test pval": 0.01, "Nearest neighbors": 10}