{"Number of reference probes": {"CHD7": 163, "KMT2D": 221}, "t-test pval": 0.01, "Evaluation": [{"Overlap with reference probes": {"CHD7": 65, "KMT2D": 111}, "Spectral clustering": {"Silhouette": {"std": 0.00035376799529518893, "Mean": 0.16601252108488226}, "Mutual information": {"std": 0.0018305002424942936, "Mean": 0.39009413802478143}, "Adjusted rand": {"std": 0.0045163120561418782, "Mean": 0.28438335551130989}}, "K-means clustering": {"Silhouette": {"std": 0.0046615626396216856, "Mean": 0.17316053192854214}, "Mutual information": {"std": 0.033560063441817542, "Mean": 0.36059278588160965}, "Adjusted rand": {"std": 0.025205794438221112, "Mean": 0.27867582679346975}}, "Number of selected probes": 4963, "Probe selection criteria": "t-test probes"}, {"Overlap with reference probes": {"CHD7": 57, "KMT2D": 158}, "Spectral clustering": {"Silhouette": {"std": 2.7755575615628914e-17, "Mean": 0.12908405573507564}, "Mutual information": {"std": 9.6786999382662515e-17, "Mean": 0.36811533786079798}, "Adjusted rand": {"std": 2.7755575615628914e-17, "Mean": 0.23120954580108474}}, "K-means clustering": {"Silhouette": {"std": 0.00041271309677188195, "Mean": 0.12916830044318023}, "Mutual information": {"std": 0.0005839580224836588, "Mean": 0.36823453779298881}, "Adjusted rand": {"std": 0.0012004476480306486, "Mean": 0.23145458615113468}}, "Number of selected probes": 7004, "Probe selection criteria": "u-test probes"}, {"Overlap with reference probes": {"CHD7": 42, "KMT2D": 110}, "Spectral clustering": {"Silhouette": {"std": 0.012104865923577585, "Mean": 0.16055810344397753}, "Mutual information": {"std": 0.0093803257455284637, "Mean": 0.36237793492689024}, "Adjusted rand": {"std": 0.021650092573454377, "Mean": 0.39983746934549624}}, "K-means clustering": {"Silhouette": {"std": 0.027653046363960841, "Mean": 0.19544254498079908}, "Mutual information": {"std": 0.089914684227625802, "Mean": 0.47367242590098724}, "Adjusted rand": {"std": 0.096829241019230267, "Mean": 0.49601854549273816}}, "Number of selected probes": 3671, "Probe selection criteria": "t-test probes <in> u-test probes"}, {"Overlap with reference probes": {"CHD7": 42, "KMT2D": 110}, "Spectral clustering": {"Silhouette": {"std": 0.011850263485159357, "Mean": 0.16081152242181737}, "Mutual information": {"std": 0.0094312427059684671, "Mean": 0.36192585741460881}, "Adjusted rand": {"std": 0.021582230417583302, "Mean": 0.39863367677120337}}, "K-means clustering": {"Silhouette": {"std": 0.016034028186131932, "Mean": 0.20358809628801086}, "Mutual information": {"std": 0.021200156389101426, "Mean": 0.45438767596713292}, "Adjusted rand": {"std": 0.032371807039107421, "Mean": 0.46938354388993864}}, "Number of selected probes": 3671, "Probe selection criteria": "u-test probes <in> t-test probes"}], "U-test pval": 0.01, "Nearest neighbors": 8}