{"Number of reference probes": {"CHD7": 163, "KMT2D": 221}, "t-test pval": 0.005, "Evaluation": [{"Overlap with reference probes": {"CHD7": 33, "KMT2D": 71}, "Spectral clustering": {"Silhouette": {"std": 0.0, "Mean": 0.1123827281165609}, "Mutual information": {"std": 1.3866681133119837e-16, "Mean": 0.67317937087114732}, "Adjusted rand": {"std": 1.1102230246251565e-16, "Mean": 0.76531727617522249}}, "K-means clustering": {"Silhouette": {"std": 0.0024687302449228309, "Mean": 0.12904112699816381}, "Mutual information": {"std": 0.018428707988724789, "Mean": 0.80408784623756302}, "Adjusted rand": {"std": 0.021718094205591048, "Mean": 0.84032774368202867}}, "Number of selected probes": 2358, "Probe selection criteria": "intersect probes"}, {"Overlap with reference probes": {"CHD7": 48, "KMT2D": 121}, "Spectral clustering": {"Silhouette": {"std": 0.0, "Mean": 0.21024055456066068}, "Mutual information": {"std": 1.9229626863835639e-17, "Mean": 0.46706717433183892}, "Adjusted rand": {"std": 0.0, "Mean": 0.46634383677965713}}, "K-means clustering": {"Silhouette": {"std": 0.027342285968771102, "Mean": 0.2007148242012731}, "Mutual information": {"std": 0.098216918809751919, "Mean": 0.50249077132282693}, "Adjusted rand": {"std": 0.1091187941328451, "Mean": 0.50444296848367431}}, "Number of selected probes": 4347, "Probe selection criteria": "u-test probes"}, {"Overlap with reference probes": {"CHD7": 58, "KMT2D": 71}, "Spectral clustering": {"Silhouette": {"std": 0.0017762337456172931, "Mean": 0.18307196862140118}, "Mutual information": {"std": 0.019624453829836144, "Mean": 0.41620132176790081}, "Adjusted rand": {"std": 0.011256463467797212, "Mean": 0.31191727945912723}}, "K-means clustering": {"Silhouette": {"std": 0.0097823091822940647, "Mean": 0.16042021113092311}, "Mutual information": {"std": 0.036773267977096992, "Mean": 0.17969405241024244}, "Adjusted rand": {"std": 0.04268537270771932, "Mean": 0.16262662670633493}}, "Number of selected probes": 3617, "Probe selection criteria": "t-test probes"}], "U-test pval": 0.005, "Nearest neighbors": 6}