{"Number of reference probes": {"CHD7": 163, "KMT2D": 221}, "t-test pval": 0.01, "Evaluation": [{"Overlap with reference probes": {"CHD7": 76, "KMT2D": 84}, "Spectral clustering": {"Silhouette": {"std": 0.0033943350350116343, "Mean": 0.1731721924833996}, "Mutual information": {"std": 0.010110725906401736, "Mean": 0.31312609458953261}, "Adjusted rand": {"std": 0.0010599415951958809, "Mean": 0.2322357457725053}}, "K-means clustering": {"Silhouette": {"std": 0.0086409519362400516, "Mean": 0.1586774299716972}, "Mutual information": {"std": 0.022972884601921192, "Mean": 0.1823604188528366}, "Adjusted rand": {"std": 0.031288800699614441, "Mean": 0.18154661819174245}}, "Number of selected probes": 5432, "Probe selection criteria": "t-test probes"}, {"Overlap with reference probes": {"CHD7": 58, "KMT2D": 140}, "Spectral clustering": {"Silhouette": {"std": 2.7755575615628914e-17, "Mean": 0.16542404992451523}, "Mutual information": {"std": 5.20740757162067e-17, "Mean": 0.41301034941524911}, "Adjusted rand": {"std": 0.0, "Mean": 0.4145788932936002}}, "K-means clustering": {"Silhouette": {"std": 0.027464814822551847, "Mean": 0.18227446511433815}, "Mutual information": {"std": 0.11247945029976671, "Mean": 0.49982496981960489}, "Adjusted rand": {"std": 0.11453083544858189, "Mean": 0.51772775595293175}}, "Number of selected probes": 6104, "Probe selection criteria": "u-test probes"}, {"Overlap with reference probes": {"CHD7": 44, "KMT2D": 84}, "Spectral clustering": {"Silhouette": {"std": 0.0095816986143969236, "Mean": 0.18610970223462694}, "Mutual information": {"std": 0.034490010176988967, "Mean": 0.45267261041815332}, "Adjusted rand": {"std": 0.040444035446944131, "Mean": 0.49823227481913163}}, "K-means clustering": {"Silhouette": {"std": 0.0096031861561208468, "Mean": 0.12598235180995815}, "Mutual information": {"std": 0.054078706334696462, "Mean": 0.79112362062821018}, "Adjusted rand": {"std": 0.054730092207487473, "Mean": 0.82643630015671121}}, "Number of selected probes": 3424, "Probe selection criteria": "t-test probes <in> u-test probes"}, {"Overlap with reference probes": {"CHD7": 44, "KMT2D": 84}, "Spectral clustering": {"Silhouette": {"std": 0.0036343394331568189, "Mean": 0.1870267993806819}, "Mutual information": {"std": 0.017719327011959142, "Mean": 0.44646945397640531}, "Adjusted rand": {"std": 0.011949601116844007, "Mean": 0.49143166793916637}}, "K-means clustering": {"Silhouette": {"std": 0.012915907936439949, "Mean": 0.12856033362327271}, "Mutual information": {"std": 0.074778149704005953, "Mean": 0.79334622869933558}, "Adjusted rand": {"std": 0.074934114239613769, "Mean": 0.83044242626888864}}, "Number of selected probes": 3424, "Probe selection criteria": "u-test probes <in> t-test probes"}], "U-test pval": 0.01, "Nearest neighbors": 6}