{"Number of reference probes": {"CHD7": 163, "KMT2D": 221}, "t-test pval": 0.01, "Evaluation": [{"Overlap with reference probes": {"CHD7": 72, "KMT2D": 138}, "Spectral clustering": {"Silhouette": {"std": 0.0, "Mean": 0.17243463170604481}, "Mutual information": {"std": 0.0, "Mean": 0.31205168285456691}, "Adjusted rand": {"std": 5.5511151231257827e-17, "Mean": 0.23169150027146057}}, "K-means clustering": {"Silhouette": {"std": 0.022617445704694431, "Mean": 0.17101472730078782}, "Mutual information": {"std": 0.08888931439077398, "Mean": 0.3249170329203902}, "Adjusted rand": {"std": 0.057829008486024062, "Mean": 0.26322218743289844}}, "Number of selected probes": 7104, "Probe selection criteria": "t-test probes"}, {"Overlap with reference probes": {"CHD7": 63, "KMT2D": 170}, "Spectral clustering": {"Silhouette": {"std": 2.7755575615628914e-17, "Mean": 0.13544691494287853}, "Mutual information": {"std": 5.1478923876445168e-17, "Mean": 0.36500732187575496}, "Adjusted rand": {"std": 2.7755575615628914e-17, "Mean": 0.22469098669874923}}, "K-means clustering": {"Silhouette": {"std": 0.0020737673116918965, "Mean": 0.13889891362358037}, "Mutual information": {"std": 0.00094181109191781925, "Mean": 0.36799462850902065}, "Adjusted rand": {"std": 0.0022032796437663885, "Mean": 0.23100293528372207}}, "Number of selected probes": 9123, "Probe selection criteria": "u-test probes"}, {"Overlap with reference probes": {"CHD7": 46, "KMT2D": 138}, "Spectral clustering": {"Silhouette": {"std": 0.0010948384664101493, "Mean": 0.1067721610807771}, "Mutual information": {"std": 0.014570185573560743, "Mean": 0.35864908440898019}, "Adjusted rand": {"std": 0.00062880961968376939, "Mean": 0.22462765946055044}}, "K-means clustering": {"Silhouette": {"std": 0.045195784791569452, "Mean": 0.16253096109483298}, "Mutual information": {"std": 0.024713393657643062, "Mean": 0.42515041553171906}, "Adjusted rand": {"std": 0.090693125945478653, "Mean": 0.43554016386045918}}, "Number of selected probes": 5159, "Probe selection criteria": "t-test probes <in> u-test probes"}, {"Overlap with reference probes": {"CHD7": 46, "KMT2D": 138}, "Spectral clustering": {"Silhouette": {"std": 0.0010067337698380465, "Mean": 0.10688389686786745}, "Mutual information": {"std": 0.012780535142077354, "Mean": 0.36038752916595179}, "Adjusted rand": {"std": 0.0014598481080061315, "Mean": 0.22503163718621608}}, "K-means clustering": {"Silhouette": {"std": 0.03743713569771847, "Mean": 0.17613371178820031}, "Mutual information": {"std": 0.029289928132452101, "Mean": 0.43539060407466901}, "Adjusted rand": {"std": 0.076579854581729723, "Mean": 0.44969931545566127}}, "Number of selected probes": 5159, "Probe selection criteria": "u-test probes <in> t-test probes"}], "U-test pval": 0.01, "Nearest neighbors": 11}