"","chr","pos","strand","Name","Probe_rs","Probe_maf","CpG_rs","CpG_maf","SBE_rs","SBE_maf","Islands_Name","Relation_to_Island","UCSC_RefGene_Name","UCSC_RefGene_Accession","UCSC_RefGene_Group","Phantom","DMR","Enhancer","HMM_Island","Regulatory_Feature_Name","Regulatory_Feature_Group","DHS","logFC","AveExpr","t","P.Value","adj.P.Val","B","probe_id","MW_U_pval","beta_diff"
"1","chr7",27183436,"-","cg12128839",NA,NA,NA,NA,NA,NA,"chr7:27182613-27185562","Island","HOXA5","NM_019102","TSS200","","","","7:27149871-27150476","7:27182652-27184498","Unclassified","",2.28293453222775,1.6175680720234,6.7757376320191,2.44241596303111e-08,0.000248599564214291,8.76928247428284,"cg12128839",1.70108529241656e-05,-0.114034811356392
"2","chr7",27183401,"-","cg19759481",NA,NA,NA,NA,NA,NA,"chr7:27182613-27185562","Island","HOXA5","NM_019102","TSS200","","","","7:27149871-27150476","7:27182652-27184498","Unclassified","TRUE",2.10623318345192,2.00151964799475,5.68875359888799,9.66517025387379e-07,0.00173023546587501,5.46176048165694,"cg19759481",3.96919901563864e-05,-0.111088933986652
"3","chr7",27183806,"-","cg20517050",NA,NA,NA,NA,NA,NA,"chr7:27182613-27185562","Island","HOXA5","NM_019102","TSS1500","","CDMR","","7:27149871-27150476","7:27182652-27184498","Unclassified","TRUE",1.91652017880306,2.35038897248852,5.43593007277741,2.26069125964119e-06,0.00275233851313424,4.69441867778635,"cg20517050",6.80434116966625e-05,-0.102718248260323
