{"Number of reference probes": {"CHD7": 163, "KMT2D": 221}, "t-test pval": 0.01, "Evaluation": [{"Overlap with reference probes": {"CHD7": 54, "KMT2D": 120}, "Spectral clustering": {"Silhouette": {"std": 0.00038398401825409114, "Mean": 0.15958845548790676}, "Mutual information": {"std": 0.0019393745307586237, "Mean": 0.39478359734167034}, "Adjusted rand": {"std": 0.0047571937586730608, "Mean": 0.29594225853650369}}, "K-means clustering": {"Silhouette": {"std": 0.0018911110695043888, "Mean": 0.1696526000037312}, "Mutual information": {"std": 0.025593899105316634, "Mean": 0.37024108526164873}, "Adjusted rand": {"std": 0.015790591654567435, "Mean": 0.29173800876443895}}, "Number of selected probes": 5163, "Probe selection criteria": "t-test probes"}, {"Overlap with reference probes": {"CHD7": 46, "KMT2D": 164}, "Spectral clustering": {"Silhouette": {"std": 0.0, "Mean": 0.14762014309485155}, "Mutual information": {"std": 1.0764011587430408e-16, "Mean": 0.36811533786079798}, "Adjusted rand": {"std": 2.7755575615628914e-17, "Mean": 0.23120954580108474}}, "K-means clustering": {"Silhouette": {"std": 0.0010349066700622348, "Mean": 0.14740889365543031}, "Mutual information": {"std": 0.0006090442620615516, "Mean": 0.36799101722139627}, "Adjusted rand": {"std": 0.0012773714927117508, "Mean": 0.23094880343699131}}, "Number of selected probes": 7810, "Probe selection criteria": "u-test probes"}, {"Overlap with reference probes": {"CHD7": 36, "KMT2D": 119}, "Spectral clustering": {"Silhouette": {"std": 2.7755575615628914e-17, "Mean": 0.11044768562607783}, "Mutual information": {"std": 5.0876810486276013e-17, "Mean": 0.36500732187575496}, "Adjusted rand": {"std": 2.7755575615628914e-17, "Mean": 0.22469098669874923}}, "K-means clustering": {"Silhouette": {"std": 0.050489674964336199, "Mean": 0.16313670388429544}, "Mutual information": {"std": 0.022018443393753973, "Mean": 0.42766616201398672}, "Adjusted rand": {"std": 0.089839960993947462, "Mean": 0.40359008061435725}}, "Number of selected probes": 4033, "Probe selection criteria": "t-test probes <in> u-test probes"}, {"Overlap with reference probes": {"CHD7": 36, "KMT2D": 119}, "Spectral clustering": {"Silhouette": {"std": 1.3877787807814457e-17, "Mean": 0.11044768562607811}, "Mutual information": {"std": 5.1478923876445168e-17, "Mean": 0.36500732187575496}, "Adjusted rand": {"std": 2.7755575615628914e-17, "Mean": 0.22469098669874923}}, "K-means clustering": {"Silhouette": {"std": 0.051630393009018907, "Mean": 0.15808142488771865}, "Mutual information": {"std": 0.024955978948632059, "Mean": 0.42963126777766775}, "Adjusted rand": {"std": 0.094628903210490431, "Mean": 0.39385646025947879}}, "Number of selected probes": 4033, "Probe selection criteria": "u-test probes <in> t-test probes"}], "U-test pval": 0.01, "Nearest neighbors": 9}