{"Number of reference probes": {"CHD7": 163, "KMT2D": 221}, "t-test pval": 0.01, "Evaluation": [{"Overlap with reference probes": {"CHD7": 25, "KMT2D": 41}, "Spectral clustering": {"Silhouette": {"std": 0.0, "Mean": 0.17373928871918831}, "Mutual information": {"std": 9.3877875058588709e-17, "Mean": 0.4186464729181219}, "Adjusted rand": {"std": 5.5511151231257827e-17, "Mean": 0.31042782325287194}}, "K-means clustering": {"Silhouette": {"std": 0.0092279270913582321, "Mean": 0.14730527135524801}, "Mutual information": {"std": 0.080036298026791464, "Mean": 0.17697358485455891}, "Adjusted rand": {"std": 0.050224361792062605, "Mean": 0.15845745212448448}}, "Number of selected probes": 3372, "Probe selection criteria": "t-test probes"}, {"Overlap with reference probes": {"CHD7": 25, "KMT2D": 97}, "Spectral clustering": {"Silhouette": {"std": 0.0043657519680401291, "Mean": 0.18992417503126016}, "Mutual information": {"std": 0.019273569831134329, "Mean": 0.45892117572880281}, "Adjusted rand": {"std": 0.012740596264033552, "Mean": 0.46099085187290817}}, "K-means clustering": {"Silhouette": {"std": 0.025624170981944788, "Mean": 0.18256985492530156}, "Mutual information": {"std": 0.051687799836372325, "Mean": 0.45601779845429419}, "Adjusted rand": {"std": 0.053712743896961672, "Mean": 0.45929052174874241}}, "Number of selected probes": 4494, "Probe selection criteria": "u-test probes"}, {"Overlap with reference probes": {"CHD7": 10, "KMT2D": 41}, "Spectral clustering": {"Silhouette": {"std": 0.0013128771650226156, "Mean": 0.084308144902856763}, "Mutual information": {"std": 0.01195255652863304, "Mean": 0.59874932653016244}, "Adjusted rand": {"std": 0.017751988859649556, "Mean": 0.63985938937405196}}, "K-means clustering": {"Silhouette": {"std": 0.024363691239891728, "Mean": 0.098910626836779855}, "Mutual information": {"std": 0.085607972111171465, "Mean": 0.5393023949133926}, "Adjusted rand": {"std": 0.14579117919077014, "Mean": 0.50813175949987666}}, "Number of selected probes": 2277, "Probe selection criteria": "t-test probes <in> u-test probes"}, {"Overlap with reference probes": {"CHD7": 10, "KMT2D": 41}, "Spectral clustering": {"Silhouette": {"std": 0.00093099298029747227, "Mean": 0.084823832816019476}, "Mutual information": {"std": 0.0084758471860339069, "Mean": 0.60344419753365097}, "Adjusted rand": {"std": 0.012588365046600936, "Mean": 0.64683223217565389}}, "K-means clustering": {"Silhouette": {"std": 0.023889253413821445, "Mean": 0.10152244452455034}, "Mutual information": {"std": 0.082214858306718694, "Mean": 0.545051568518504}, "Adjusted rand": {"std": 0.13574720119694939, "Mean": 0.52856005563098907}}, "Number of selected probes": 2277, "Probe selection criteria": "u-test probes <in> t-test probes"}], "U-test pval": 0.01, "Nearest neighbors": 5}