{"Number of reference probes": {"CHD7": 163, "KMT2D": 221}, "t-test pval": 0.005, "Evaluation": [{"Overlap with reference probes": {"CHD7": 45, "KMT2D": 95}, "Spectral clustering": {"Silhouette": {"std": 0.00053228580263519427, "Mean": 0.15401353243696736}, "Mutual information": {"std": 0.0022570336723397874, "Mean": 0.39085647431547038}, "Adjusted rand": {"std": 0.0055686790686334123, "Mean": 0.28626423402776469}}, "K-means clustering": {"Silhouette": {"std": 0.0056490345586663422, "Mean": 0.15614533148152354}, "Mutual information": {"std": 0.019093256119448249, "Mean": 0.32426444148053835}, "Adjusted rand": {"std": 0.023405240252282817, "Mean": 0.25733191865554444}}, "Number of selected probes": 3350, "Probe selection criteria": "t-test probes"}, {"Overlap with reference probes": {"CHD7": 40, "KMT2D": 131}, "Spectral clustering": {"Silhouette": {"std": 0.0, "Mean": 0.13038058051745469}, "Mutual information": {"std": 4.7752497883927361e-17, "Mean": 0.37109533616556817}, "Adjusted rand": {"std": 2.7755575615628914e-17, "Mean": 0.23733555455233321}}, "K-means clustering": {"Silhouette": {"std": 0.018591810253292849, "Mean": 0.21183764420475185}, "Mutual information": {"std": 0.024055995174110827, "Mean": 0.4569630369769957}, "Adjusted rand": {"std": 0.047714280585014694, "Mean": 0.45124184885159885}}, "Number of selected probes": 4937, "Probe selection criteria": "u-test probes"}, {"Overlap with reference probes": {"CHD7": 31, "KMT2D": 92}, "Spectral clustering": {"Silhouette": {"std": 0.0040143412079545263, "Mean": 0.22302588130790774}, "Mutual information": {"std": 0.012904371068687052, "Mean": 0.4618669220536985}, "Adjusted rand": {"std": 0.009277374291524608, "Mean": 0.46357512861126648}}, "K-means clustering": {"Silhouette": {"std": 0.016329262405580539, "Mean": 0.21906144591486512}, "Mutual information": {"std": 0.052444208826318936, "Mean": 0.46184730278860642}, "Adjusted rand": {"std": 0.049610360016385316, "Mean": 0.48253678915497195}}, "Number of selected probes": 2537, "Probe selection criteria": "t-test probes <in> u-test probes"}, {"Overlap with reference probes": {"CHD7": 31, "KMT2D": 92}, "Spectral clustering": {"Silhouette": {"std": 0.0016845739001594058, "Mean": 0.22439172428428605}, "Mutual information": {"std": 0.0051031831064558214, "Mean": 0.46633814817377378}, "Adjusted rand": {"std": 0.0037224039350123124, "Mean": 0.4658120647889411}}, "K-means clustering": {"Silhouette": {"std": 0.010183148335311722, "Mean": 0.2204564070412523}, "Mutual information": {"std": 0.033965538487775671, "Mean": 0.45689730080729118}, "Adjusted rand": {"std": 0.027678648230266542, "Mean": 0.47877784279140378}}, "Number of selected probes": 2537, "Probe selection criteria": "u-test probes <in> t-test probes"}], "U-test pval": 0.005, "Nearest neighbors": 8}